text,question,answer
"LLMs are trained on enormous bodies of data but they aren’t trained on your data. Retrieval-Augmented Generation (RAG) solves this problem by adding your data to the data LLMs already have access to. You will see references to RAG frequently in this documentation.
",What does LLM stand for?,LLM stands for Language Model.
"LLMs are trained on enormous bodies of data but they aren’t trained on your data. Retrieval-Augmented Generation (RAG) solves this problem by adding your data to the data LLMs already have access to. You will see references to RAG frequently in this documentation.
",How are LLMs trained?,"LLMs, or Language Model Models, are trained on large amounts of data, but not specifically on your data. However, the problem of training LLMs on your data can be addressed using Retrieval-Augmented Generation (RAG). RAG allows you to add your own data to the existing data that LLMs have access to. This approach is frequently mentioned in the documentation as a solution to incorporate your specific data into the training process of LLMs."
"LLMs are trained on enormous bodies of data but they aren’t trained on your data. Retrieval-Augmented Generation (RAG) solves this problem by adding your data to the data LLMs already have access to. You will see references to RAG frequently in this documentation.
",What problem does Retrieval-Augmented Generation (RAG) solve?,"Retrieval-Augmented Generation (RAG) solves the problem of LLMs (Language Model Models) not being trained on your data. While LLMs are trained on large amounts of data, they do not have access to your specific data. RAG addresses this issue by incorporating your data into the existing data that LLMs have access to. This allows for more personalized and contextually relevant generation of information."
"LLMs are trained on enormous bodies of data but they aren’t trained on your data. Retrieval-Augmented Generation (RAG) solves this problem by adding your data to the data LLMs already have access to. You will see references to RAG frequently in this documentation.
",How does RAG address the problem of LLMs not being trained on your data?,"RAG addresses the problem of LLMs not being trained on your data by adding your data to the existing data that LLMs have access to. This means that while LLMs are trained on enormous bodies of data, they do not have direct access to your specific data. RAG solves this issue by incorporating your data into the training process, allowing LLMs to learn from and generate responses based on your specific data. By doing so, RAG ensures that the generated responses are more relevant and tailored to your specific needs."
"LLMs are trained on enormous bodies of data but they aren’t trained on your data. Retrieval-Augmented Generation (RAG) solves this problem by adding your data to the data LLMs already have access to. You will see references to RAG frequently in this documentation.
",How often will you come across references to RAG in the documentation?,You will come across references to RAG frequently in the documentation.
"In RAG, your data is loaded and prepared for queries or “indexed”. User queries act on the index, which filters your data down to the most relevant context. This context and your query then go to the LLM along with a prompt, and the LLM provides a response.
",What does RAG stand for?,"RAG stands for ""Retrieval-Augmented Generation""."
"In RAG, your data is loaded and prepared for queries or “indexed”. User queries act on the index, which filters your data down to the most relevant context. This context and your query then go to the LLM along with a prompt, and the LLM provides a response.
",What is the purpose of indexing in RAG?,"The purpose of indexing in RAG is to prepare the data for queries. When the data is loaded into RAG, it is indexed, which means it is organized and structured in a way that allows for efficient and effective querying. The index filters the data down to the most relevant context, making it easier and faster to retrieve the desired information. The indexed data, along with the user query and a prompt, are then sent to the LLM (Language Model) which generates a response based on the provided context. Overall, indexing in RAG plays a crucial role in optimizing the querying process and improving the accuracy of the responses provided by the LLM."
"In RAG, your data is loaded and prepared for queries or “indexed”. User queries act on the index, which filters your data down to the most relevant context. This context and your query then go to the LLM along with a prompt, and the LLM provides a response.
",How does the LLM in RAG provide a response?,"The LLM in RAG provides a response by receiving the context and user query from the index, along with a prompt. It then processes this information and generates a response based on the given input. The specific mechanism or algorithm used by the LLM to generate the response is not mentioned in the provided text."
"In RAG, your data is loaded and prepared for queries or “indexed”. User queries act on the index, which filters your data down to the most relevant context. This context and your query then go to the LLM along with a prompt, and the LLM provides a response.
",What is the role of user queries in RAG?,"In RAG, user queries play a crucial role in the data retrieval process. Once the data is loaded and prepared for queries, it is indexed to facilitate efficient searching. The user queries act on this index, allowing them to filter the data and narrow down the search to the most relevant context. The filtered data, along with the user query, is then sent to the LLM (Language Model for Generation), along with a prompt. The LLM utilizes this information to generate a response based on the given context and query. Therefore, user queries serve as the means to interact with the indexed data and retrieve specific information from it using RAG."
"In RAG, your data is loaded and prepared for queries or “indexed”. User queries act on the index, which filters your data down to the most relevant context. This context and your query then go to the LLM along with a prompt, and the LLM provides a response.
",What does the LLM require along with the context and query to provide a response?,The LLM requires a prompt along with the context and query to provide a response.
"Indexing: this means creating a data structure that allows for querying the data. For LLMs this nearly always means creating vector embeddings, numerical representations of the meaning of your data, as well as numerous other metadata strategies to make it easy to accurately find contextually relevant data.
",What does indexing mean in the context of LLMs?,"In the context of LLMs (Language Model Models), indexing refers to the process of creating a data structure that enables efficient querying of the data. Specifically, it involves creating vector embeddings, which are numerical representations of the meaning of the data. Additionally, indexing in LLMs involves implementing various metadata strategies to facilitate the accurate retrieval of contextually relevant data. This ensures that LLMs can quickly and accurately find the information needed for various language processing tasks."
"Indexing: this means creating a data structure that allows for querying the data. For LLMs this nearly always means creating vector embeddings, numerical representations of the meaning of your data, as well as numerous other metadata strategies to make it easy to accurately find contextually relevant data.
",What is the purpose of creating vector embeddings in indexing?,"The purpose of creating vector embeddings in indexing is to generate numerical representations of the meaning of the data. These vector embeddings are used as a data structure that allows for querying the data. In the case of LLMs (Language and Linguistic Models), vector embeddings are created to accurately find contextually relevant data. Additionally, along with vector embeddings, numerous other metadata strategies are employed to make it easier to find contextually relevant data."
"Indexing: this means creating a data structure that allows for querying the data. For LLMs this nearly always means creating vector embeddings, numerical representations of the meaning of your data, as well as numerous other metadata strategies to make it easy to accurately find contextually relevant data.
",How are vector embeddings described in terms of the data's meaning?,"Vector embeddings are numerical representations of the meaning of the data. They are created as part of the indexing process for LLMs (Language and Learning Models). These embeddings capture the semantic information of the data, allowing for efficient querying and retrieval of contextually relevant information. In addition to vector embeddings, other metadata strategies are also employed to enhance the accuracy of finding relevant data within the indexed structure."
"Indexing: this means creating a data structure that allows for querying the data. For LLMs this nearly always means creating vector embeddings, numerical representations of the meaning of your data, as well as numerous other metadata strategies to make it easy to accurately find contextually relevant data.
","Besides vector embeddings, what other metadata strategies are used in indexing?","In addition to vector embeddings, other metadata strategies are used in indexing. The documentation mentions that numerous other metadata strategies are employed to make it easy to accurately find contextually relevant data. However, the specific details of these metadata strategies are not provided in the given text."
"Indexing: this means creating a data structure that allows for querying the data. For LLMs this nearly always means creating vector embeddings, numerical representations of the meaning of your data, as well as numerous other metadata strategies to make it easy to accurately find contextually relevant data.
",What is the goal of using metadata strategies in indexing?,"The goal of using metadata strategies in indexing is to make it easy to accurately find contextually relevant data. By incorporating metadata strategies, such as creating vector embeddings and numerical representations of the meaning of the data, the indexing process becomes more efficient and effective. These strategies help in organizing and categorizing the data, allowing for better querying and retrieval of relevant information. Ultimately, metadata strategies enhance the search capabilities of the indexing system, enabling users to quickly and accurately locate the data they need based on its contextual relevance."
"Nodes and Documents: A Document is a container around any data source - for instance, a PDF, an API output, or retrieve data from a database. A Node is the atomic unit of data in LlamaIndex and represents a “chunk” of a source Document. Nodes have metadata that relate them to the document they are in and to other nodes.
",What is a Document in LlamaIndex?,"In LlamaIndex, a Document is a container that can hold various types of data sources such as PDFs, API outputs, or data retrieved from a database. It serves as a central entity for organizing and managing these data sources."
"Nodes and Documents: A Document is a container around any data source - for instance, a PDF, an API output, or retrieve data from a database. A Node is the atomic unit of data in LlamaIndex and represents a “chunk” of a source Document. Nodes have metadata that relate them to the document they are in and to other nodes.
",What are some examples of data sources that can be contained within a Document?,"Some examples of data sources that can be contained within a Document in LlamaIndex include PDF files, API outputs, and data retrieved from a database."
"Nodes and Documents: A Document is a container around any data source - for instance, a PDF, an API output, or retrieve data from a database. A Node is the atomic unit of data in LlamaIndex and represents a “chunk” of a source Document. Nodes have metadata that relate them to the document they are in and to other nodes.
",What is a Node in LlamaIndex?,"In LlamaIndex, a Node is the smallest unit of data that represents a ""chunk"" of a source Document. It is an atomic unit of data that contains metadata linking it to the document it belongs to and other nodes. Nodes can be thought of as individual pieces of information within a larger document, such as a paragraph or a section. They are used to organize and structure the data within LlamaIndex, allowing for efficient retrieval and manipulation of information."
"Nodes and Documents: A Document is a container around any data source - for instance, a PDF, an API output, or retrieve data from a database. A Node is the atomic unit of data in LlamaIndex and represents a “chunk” of a source Document. Nodes have metadata that relate them to the document they are in and to other nodes.
",How would you define a Node in terms of a source Document?,"A Node in LlamaIndex can be defined as the atomic unit of data that represents a ""chunk"" of a source Document. It serves as a container for a specific piece of information within the Document. Each Node has metadata associated with it, which establishes its relationship to the Document it belongs to and to other Nodes within that Document. Essentially, a Node acts as a building block within the Document, allowing for granular organization and retrieval of data from various sources such as PDFs, API outputs, or databases."
"Nodes and Documents: A Document is a container around any data source - for instance, a PDF, an API output, or retrieve data from a database. A Node is the atomic unit of data in LlamaIndex and represents a “chunk” of a source Document. Nodes have metadata that relate them to the document they are in and to other nodes.
",What type of metadata do Nodes have in LlamaIndex?,"In LlamaIndex, Nodes have metadata that serve to establish relationships between the nodes themselves and the document they belong to. The specific type of metadata is not mentioned in the given text. However, it can be inferred that the metadata could include information such as the position of the node within the document, the parent-child relationship between nodes, any annotations or tags associated with the node, or any other relevant information that helps in organizing and structuring the data within LlamaIndex."
"Nodes and Documents: A Document is a container around any data source - for instance, a PDF, an API output, or retrieve data from a database. A Node is the atomic unit of data in LlamaIndex and represents a “chunk” of a source Document. Nodes have metadata that relate them to the document they are in and to other nodes.
",How do Nodes relate to the Document they are in?,"Nodes relate to the Document they are in through metadata. Each Node in LlamaIndex, which is the atomic unit of data, has metadata that establishes its relationship with the Document it belongs to. This metadata allows Nodes to be linked to the specific Document they are a part of and also enables connections between different Nodes within the same Document."
"Nodes and Documents: A Document is a container around any data source - for instance, a PDF, an API output, or retrieve data from a database. A Node is the atomic unit of data in LlamaIndex and represents a “chunk” of a source Document. Nodes have metadata that relate them to the document they are in and to other nodes.
",How do Nodes relate to other Nodes in LlamaIndex?,"Nodes in LlamaIndex have metadata that allows them to relate to other nodes. This means that nodes can be connected to each other based on their relationship to the document they are in and to other nodes. The metadata of a node provides information about its position within the document and its connections to other nodes. By analyzing the metadata, one can understand how nodes are interconnected in LlamaIndex."
"Once you’ve ingested your data, LlamaIndex will help you index the data into a structure that’s easy to retrieve. This usually involves generating vector embeddings which are stored in a specialized database called a vector store. Indexes can also store a variety of metadata about your data.
",What is the purpose of LlamaIndex?,"The purpose of LlamaIndex is to assist in indexing data into a structured format that can be easily retrieved. It achieves this by generating vector embeddings, which are then stored in a specialized database known as a vector store. Additionally, LlamaIndex can also store various metadata about the data in the indexes."
"Once you’ve ingested your data, LlamaIndex will help you index the data into a structure that’s easy to retrieve. This usually involves generating vector embeddings which are stored in a specialized database called a vector store. Indexes can also store a variety of metadata about your data.
",What does LlamaIndex help you do with your data?,"LlamaIndex helps you index your data into a structure that is easy to retrieve. It achieves this by generating vector embeddings for the data, which are then stored in a specialized database called a vector store. Additionally, LlamaIndex can also store various metadata about your data in the indexes."
"Once you’ve ingested your data, LlamaIndex will help you index the data into a structure that’s easy to retrieve. This usually involves generating vector embeddings which are stored in a specialized database called a vector store. Indexes can also store a variety of metadata about your data.
",What is the process involved in indexing data with LlamaIndex?,"The process involved in indexing data with LlamaIndex includes ingesting the data and then generating vector embeddings. Once the data is ingested, LlamaIndex helps in structuring the data in a way that makes it easy to retrieve. This involves generating vector embeddings, which are then stored in a specialized database called a vector store. Additionally, LlamaIndex allows for the storage of various metadata about the data in the indexes."
"Once you’ve ingested your data, LlamaIndex will help you index the data into a structure that’s easy to retrieve. This usually involves generating vector embeddings which are stored in a specialized database called a vector store. Indexes can also store a variety of metadata about your data.
",What is a vector store?,"A vector store is a specialized database used by LlamaIndex to store vector embeddings generated from ingested data. These vector embeddings are generated as part of the indexing process and are designed to represent the data in a numerical format that can be easily processed and retrieved. The vector store allows for efficient storage and retrieval of these embeddings, enabling quick and accurate search and retrieval of data based on similarity or other criteria. In addition to the vector embeddings, the vector store can also store various metadata about the data, providing additional context and information for efficient data retrieval."
"Once you’ve ingested your data, LlamaIndex will help you index the data into a structure that’s easy to retrieve. This usually involves generating vector embeddings which are stored in a specialized database called a vector store. Indexes can also store a variety of metadata about your data.
",What can indexes store besides vector embeddings?,Indexes can store a variety of metadata about your data.
"Embeddings LLMs generate numerical representations of data called embeddings. When filtering your data for relevance, LlamaIndex will convert queries into embeddings, and your vector store will find data that is numerically similar to the embedding of your query.
",What are embeddings?,"Embeddings are numerical representations of data generated by Embeddings LLMs. In the context of LlamaIndex, when filtering data for relevance, queries are converted into embeddings. These embeddings are then used by the vector store to find data that is numerically similar to the query's embedding. Essentially, embeddings allow for the conversion of data into a numerical format that can be used for similarity matching and retrieval purposes."
"Embeddings LLMs generate numerical representations of data called embeddings. When filtering your data for relevance, LlamaIndex will convert queries into embeddings, and your vector store will find data that is numerically similar to the embedding of your query.
",What is the purpose of converting queries into embeddings in LlamaIndex?,"The purpose of converting queries into embeddings in LlamaIndex is to filter data for relevance. LlamaIndex generates numerical representations of data called embeddings. By converting queries into embeddings, LlamaIndex can compare the numerical similarity between the embeddings of the query and the data in the vector store. This allows LlamaIndex to find data that is numerically similar to the embedding of the query, helping to identify relevant data for the given query."
"Embeddings LLMs generate numerical representations of data called embeddings. When filtering your data for relevance, LlamaIndex will convert queries into embeddings, and your vector store will find data that is numerically similar to the embedding of your query.
",How does the vector store in LlamaIndex find relevant data?,"The vector store in LlamaIndex finds relevant data by comparing the numerical representations of the queries, known as embeddings, with the embeddings of the data in the store. LlamaIndex converts the queries into embeddings and then searches for data that is numerically similar to the query's embedding. This similarity search allows the vector store to identify and retrieve data that is relevant to the given query."
"Embeddings LLMs generate numerical representations of data called embeddings. When filtering your data for relevance, LlamaIndex will convert queries into embeddings, and your vector store will find data that is numerically similar to the embedding of your query.
",What is the relationship between the embedding of a query and the data that is found to be numerically similar to it?,"The relationship between the embedding of a query and the data that is found to be numerically similar to it is that LlamaIndex, a tool used for filtering data for relevance, converts queries into embeddings. These embeddings are numerical representations of the data. The vector store then uses these embeddings to find data that is numerically similar to the embedding of the query. In other words, the embedding of a query serves as a reference point, and the vector store identifies data points that have similar numerical representations to the query's embedding."
"A router determines which retriever will be used to retrieve relevant context from the knowledge base. More specifically, the RouterRetriever class, is responsible for selecting one or multiple candidate retrievers to execute a query. They use a selector to choose the best option based on each candidate’s metadata and the query.
",What is the role of a router in the knowledge base system?,"The role of a router in the knowledge base system is to determine which retriever will be used to retrieve relevant context from the knowledge base. The router, specifically the RouterRetriever class, is responsible for selecting one or multiple candidate retrievers to execute a query. It uses a selector to choose the best option based on each candidate's metadata and the query."
"A router determines which retriever will be used to retrieve relevant context from the knowledge base. More specifically, the RouterRetriever class, is responsible for selecting one or multiple candidate retrievers to execute a query. They use a selector to choose the best option based on each candidate’s metadata and the query.
",What is the purpose of the RouterRetriever class?,The purpose of the RouterRetriever class is to select one or multiple candidate retrievers to execute a query. It is responsible for determining which retriever will be used to retrieve relevant context from the knowledge base. The class uses a selector to choose the best option based on each candidate's metadata and the query.
"A router determines which retriever will be used to retrieve relevant context from the knowledge base. More specifically, the RouterRetriever class, is responsible for selecting one or multiple candidate retrievers to execute a query. They use a selector to choose the best option based on each candidate’s metadata and the query.
",How does the RouterRetriever class select the retrievers to execute a query?,"The RouterRetriever class selects the retrievers to execute a query by using a selector. This selector evaluates each candidate retriever based on their metadata and the query. It considers factors such as the relevance of the retriever's metadata to the query and the retriever's ability to retrieve relevant context from the knowledge base. Based on this evaluation, the selector chooses the best option or options among the candidate retrievers to execute the query."
"A router determines which retriever will be used to retrieve relevant context from the knowledge base. More specifically, the RouterRetriever class, is responsible for selecting one or multiple candidate retrievers to execute a query. They use a selector to choose the best option based on each candidate’s metadata and the query.
",What criteria does the selector use to choose the best option for retrieval?,"The selector in the RouterRetriever class uses the candidate's metadata and the query to choose the best option for retrieval. It considers the metadata of each candidate retriever, which likely includes information such as the type of data it can retrieve, its performance metrics, and any other relevant characteristics. Additionally, the selector takes into account the query itself, analyzing its content and structure to determine which candidate retriever is most likely to provide the most relevant and accurate information. By considering both the candidate's metadata and the query, the selector aims to choose the option that will yield the best retrieval results."
"A router determines which retriever will be used to retrieve relevant context from the knowledge base. More specifically, the RouterRetriever class, is responsible for selecting one or multiple candidate retrievers to execute a query. They use a selector to choose the best option based on each candidate’s metadata and the query.
",What factors are considered when selecting a candidate retriever?,"When selecting a candidate retriever, the RouterRetriever class considers two main factors: the metadata of each candidate and the query itself. The metadata of a retriever includes information about its capabilities, performance, and relevance to the query. This metadata helps the router determine the suitability of each candidate for the given query. Additionally, the router takes into account the query itself, analyzing its content and requirements to identify the retriever that is most likely to provide the relevant context from the knowledge base. By considering both the metadata of the retrievers and the characteristics of the query, the router can select the best option among the available candidates."
"An agent is an automated decision-maker powered by an LLM that interacts with the world via a set of tools. Agents can take an arbitrary number of steps to complete a given task, dynamically deciding on the best course of action rather than following pre-determined steps. This gives it additional flexibility to tackle more complex tasks.",What is an agent?,"An agent is an automated decision-maker powered by an LLM (Learning and Logic Module) that interacts with the world using a set of tools. Unlike traditional automated systems that follow pre-determined steps, agents have the ability to dynamically decide on the best course of action to complete a given task. This flexibility allows agents to tackle more complex tasks by taking an arbitrary number of steps. In summary, an agent is an intelligent system that can autonomously make decisions and interact with its environment to accomplish tasks."
"An agent is an automated decision-maker powered by an LLM that interacts with the world via a set of tools. Agents can take an arbitrary number of steps to complete a given task, dynamically deciding on the best course of action rather than following pre-determined steps. This gives it additional flexibility to tackle more complex tasks.",What powers an agent?,"An agent is powered by an LLM (Learning and Decision-Making) system. This system enables the agent to make automated decisions and interact with the world using a set of tools. The agent can take multiple steps to complete a task and has the ability to dynamically decide on the best course of action, rather than following pre-determined steps. This flexibility allows the agent to handle more complex tasks effectively."
"An agent is an automated decision-maker powered by an LLM that interacts with the world via a set of tools. Agents can take an arbitrary number of steps to complete a given task, dynamically deciding on the best course of action rather than following pre-determined steps. This gives it additional flexibility to tackle more complex tasks.",How does an agent interact with the world?,"An agent interacts with the world through a set of tools. These tools enable the agent to make decisions and take actions based on the information it receives. The agent is powered by an LLM (Learning and Decision-Making) system, which allows it to dynamically decide on the best course of action rather than following pre-determined steps. This flexibility enables the agent to tackle more complex tasks by taking an arbitrary number of steps to complete a given task. Overall, the agent's interaction with the world is facilitated by its ability to make informed decisions and take appropriate actions using the tools at its disposal."
"An agent is an automated decision-maker powered by an LLM that interacts with the world via a set of tools. Agents can take an arbitrary number of steps to complete a given task, dynamically deciding on the best course of action rather than following pre-determined steps. This gives it additional flexibility to tackle more complex tasks.",How does an agent complete a task?,"An agent completes a task by leveraging its automated decision-making capabilities powered by an LLM (Language Learning Model) and interacting with the world through a set of tools. Unlike following pre-determined steps, an agent can take an arbitrary number of steps to dynamically decide on the best course of action. This flexibility allows the agent to tackle more complex tasks effectively."
"An agent is an automated decision-maker powered by an LLM that interacts with the world via a set of tools. Agents can take an arbitrary number of steps to complete a given task, dynamically deciding on the best course of action rather than following pre-determined steps. This gives it additional flexibility to tackle more complex tasks.",Does an agent follow pre-determined steps?,"No, an agent does not follow pre-determined steps. Instead, it dynamically decides on the best course of action to complete a given task. This flexibility allows the agent to tackle more complex tasks by taking an arbitrary number of steps. The agent is powered by an LLM and interacts with the world through a set of tools."
"An agent is an automated decision-maker powered by an LLM that interacts with the world via a set of tools. Agents can take an arbitrary number of steps to complete a given task, dynamically deciding on the best course of action rather than following pre-determined steps. This gives it additional flexibility to tackle more complex tasks.",What advantage does an agent have in tackling complex tasks?,"The advantage that an agent has in tackling complex tasks is its ability to dynamically decide on the best course of action rather than following pre-determined steps. Unlike traditional systems that follow a fixed set of instructions, an agent, powered by an LLM, can take an arbitrary number of steps to complete a given task. This flexibility allows the agent to adapt and adjust its approach based on the specific circumstances of the task at hand. By dynamically deciding on the best course of action, the agent can effectively handle more complex tasks that may require a more nuanced and adaptive approach."
